Sr.,FirstName,LastName,Street,Locality,Email,Domain
1,Dave,Martin,173 Main St.,Springfield RI 55924,davemartin@gmail.com,gmail
2,Charles,Harris,969 High St.,Atlantis VA 34075,charlesharris@yahoo.com,yahoo
3,Eric,Williams,806 1st St.,Faketown AK 86847,laurawilliams@hotmail.com,hotmail
4,Corey,Jefferson,826 Elm St.,Epicburg NE 10671,coreyjefferson@gmail.com,gmail
5,Jennifer,Martin-White,212 Cedar St.,Sunnydale CT 74983,jenniferwhite@yahoo.com,yahoo
6,Erick,Davis,519 Washington St.,Olympus TN 32425,tomdavis@hotmail.com,hotmail
7,Neil,Patterson,625 Oak St.,Dawnstar IL 61914,neilpatterson@gmail.com,gmail
8,Laura,Jefferson,890 Main St.,Pythonville LA 29947,laurajefferson@yahoo.com,yahoo
9,Maria,Johnson,884 High St.,Braavos ME 43597,mariajohnson@hotmail.com,hotmail
10,Michael,Arnold,249 Elm St.,Quahog OR 90938,michaelarnold@gmail.com,gmail
11,Michael,Smith,619 Park St.,Winterfell VA 99000,michaelsmith@yahoo.com,yahoo
12,Erik,Stuart,220 Cedar St.,Lakeview NY 87282,robertstuart@hotmail.com,hotmail
13,Laura,Martin,391 High St.,Smalltown WY 28362,lauramartin@gmail.com,gmail
14,Barbara,Martin,121 Hill St.,Braavos UT 92474,barbaramartin@yahoo.com,yahoo
15,Linda,Jackson,433 Elm St.,Westworld TX 61967,lindajackson@hotmail.com,hotmail
16,Eric,Miller,838 Main St.,Balmora MT 56526,stevemiller@gmail.com,gmail
17,Dave,Arnold,732 High St.,Valyria KY 97152,davearnold@yahoo.com,yahoo
18,Jennifer,Jacobs,217 High St.,Old-town IA 82767,jenniferjacobs@hotmail.com,hotmail
19,Neil,Wilson,191 Main St.,Mordor IL 72160,neilwilson@gmail.com,gmail
20,Kurt,Jackson,607 Washington St.,Blackwater NH 97183,kurtjackson@yahoo.com,yahoo
21,Mary,Jacobs,478 Oak St.,Bedrock IA 58176,maryjacobs@hotmail.com,hotmail
22,Michael,White,906 Elm St.,Mordor TX 89212,michaelwhite@gmail.com,gmail
23,Jennifer,Jenkins,949 Main St.,Smalltown SC 96962,jenniferjenkins@yahoo.com,yahoo
24,Sam,Wright,835 Pearl St.,Smalltown ND 77737,samwright@hotmail.com,hotmail
25,John,Davis,451 Lake St.,Bedrock GA 34615,johndavis@gmail.com,gmail
26,Eric,Davis,419 Lake St.,Balmora OR 30826,neildavis@yahoo.com,yahoo
27,Laura,Jackson,443 Maple St.,Quahog MS 29348,laurajackson@hotmail.com,hotmail
28,John,Williams,756 Hill St.,Valyria KY 94854,johnwilliams@gmail.com,gmail
29,Michael,Martin,216 High St.,Olympus NV 21888,michaelmartin@yahoo.com,yahoo
30,Maggie,Brown,806 Lake St.,Lakeview MD 59348,maggiebrown@hotmail.com,hotmail
31,Erik,Wilson,354 Hill St.,Mordor FL 74122,kurtwilson@gmail.com,gmail
32,Elizabeth,Arnold,805 Maple St.,Winterfell NV 99431,elizabetharnold@yahoo.com,yahoo
33,Jane,Martin,418 Park St.,Metropolis ID 16576,janemartin@hotmail.com,hotmail
34,Travis,Johnson,749 Washington St.,Braavos SD 25668,travisjohnson@gmail.com,gmail
35,Laura,Jefferson,122 High St.,Metropolis ME 29540,laurajefferson@yahoo.com,yahoo
36,Tom,Williams,610 High St.,Old-town FL 60758,tomwilliams@hotmail.com,hotmail
37,Jennifer,Taylor,332 Main St.,Pythonville OH 78172,jennifertaylor@gmail.com,gmail
38,Erick,Wright,858 Hill St.,Blackwater NC 79714,jenniferwright@hotmail.com,hotmail
39,Steve,Doe,441 Elm St.,Atlantis MS 87195,stevedoe@gmail.com,gmail
40,Kurt,Davis,404 Oak St.,Atlantis ND 85386,kurtdavis@yahoo.com,yahoo
41,Corey,Harris,286 Pearl St.,Vice City TX 57112,coreyharris@gmail.com,gmail
42,Nicole,Taylor,465 Hill St.,Old-town LA 64102,nicoletaylor@hotmail.com,hotmail
43,Elizabeth,Davis,151 Lake St.,Eerie SD 17880,elizabethdavis@gmail.com,gmail
44,Maggie,Jenkins,504 Lake St.,Gotham PA 46692,maggiejenkins@yahoo.com,yahoo
45,Linda,Davis,201 Pine St.,Vice City AR 78455,lindadavis@hotmail.com,hotmail
46,Dave,Moore,251 Pine St.,Old-town OK 29087,davemoore@gmail.com,gmail
47,Linda,Jenkins,117 High St.,Bedrock NE 11899,lindajenkins@yahoo.com,yahoo
48,Eric,White,650 Oak St.,Smalltown TN 43281,samwhite@hotmail.com,hotmail
49,Laura,Robinson,377 Pine St.,Valyria NC 78036,laurarobinson@yahoo.com,yahoo
50,Charles,Patterson,416 Pearl St.,Valyria AK 62260,charlespatterson@hotmail.com,hotmail
51,Joe,Jackson,683 Cedar St.,South Park KS 66724,joejackson@gmail.com,gmail
52,Michael,Johnson,288 Hill St.,Smalltown AZ 18586,michaeljohnson@yahoo.com,yahoo
53,Corey,Miller,286 High St.,Springfield IA 16272,coreymiller@hotmail.com,hotmail
54,James,Moore,278 Main St.,Gotham KY 89569,jamesmoore@gmail.com,gmail
55,Jennifer,Stuart,766 Hill St.,King's Landing GA 54999,jenniferstuart@yahoo.com,yahoo
56,Charles,Martin,775 High St.,Faketown PA 89260,charlesmartin@hotmail.com,hotmail
57,Eric,Wilks,885 Main St.,Blackwater OH 61275,joewilks@gmail.com,gmail
58,Elizabeth,Arnold,528 Hill St.,Atlantis NH 88289,elizabetharnold@yahoo.com,yahoo
59,John,Miller,117 Cedar St.,Thundera NM 75205,johnmiller@gmail.com,gmail
60,Corey,Jackson,115 Oak St.,Gotham UT 36433,coreyjackson@yahoo.com,yahoo
61,Sam,Thomas,743 Lake St.,Springfield MS 25473,samthomas@hotmail.com,hotmail
62,Patricia,Thomas,381 Hill St.,Blackwater CT 30958,patriciathomas@gmail.com,gmail
63,Jennifer,Davis,125 Main St.,Smalltown MT 62155,jenniferdavis@yahoo.com,yahoo
64,Patricia,Brown,292 Hill St.,Gotham WV 57680,patriciabrown@hotmail.com,hotmail
65,Barbara,Williams,514 Park St.,Balmora NV 55462,barbarawilliams@gmail.com,gmail
66,James,Taylor,776 Hill St.,Dawnstar MA 51312,jamestaylor@hotmail.com,hotmail
67,Eric,Harris,421 Elm St.,Smalltown NV 72025,barbaraharris@gmail.com,gmail
68,Travis,Anderson,937 Cedar St.,Thundera WA 78862,travisanderson@yahoo.com,yahoo
69,Sam,Robinson,417 Pine St.,Lakeview MD 13147,samrobinson@hotmail.com,hotmail
70,Steve,Robinson,478 Park St.,Springfield NM 92369,steverobinson@gmail.com,gmail
71,Mary,Wilson,708 Maple St.,Braavos UT 29551,marywilson@hotmail.com,hotmail
72,Sam,Wilson,557 Pearl St.,Westworld KS 23225,samwilson@yahoo.com,yahoo
73,Charles,Jones,855 Hill St.,Olympus HI 81427,charlesjones@gmail.com,gmail
74,Laura,Brown,980 Maple St.,Smalltown MO 96421,laurabrown@hotmail.com,hotmail
75,Tom,Harris,676 Hill St.,Blackwater AR 96698,tomharris@gmail.com,gmail
76,Patricia,Taylor,588 Pine St.,Olympus FL 98412,patriciataylor@hotmail.com,hotmail
77,Barbara,Williams,351 Elm St.,Sunnydale GA 26245,barbarawilliams@yahoo.com,yahoo
78,Maggie,Johnson,948 Cedar St.,Quahog DE 56449,maggiejohnson@hotmail.com,hotmail
79,Kurt,Miller,381 Hill St.,Quahog AL 97503,kurtmiller@yahoo.com,yahoo
80,Neil,Stuart,496 Cedar St.,Sunnydale RI 49113,neilstuart@gmail.com,gmail
81,Linda,Patterson,736 Cedar St.,Lakeview KY 47472,lindapatterson@yahoo.com,yahoo
82,Charles,Davis,678 Lake St.,Mordor MN 11845,charlesdavis@gmail.com,gmail
83,Jennifer,Jefferson,289 Park St.,Sunnydale WA 74526,jenniferjefferson@yahoo.com,yahoo
84,Erick,Taylor,245 Washington St.,Bedrock IL 26941,coreytaylor@gmail.com,gmail
85,Robert,Wilks,573 Elm St.,Sunnydale IL 47182,robertwilks@hotmail.com,hotmail
86,Travis,Jackson,851 Lake St.,Metropolis PA 22772,travisjackson@gmail.com,gmail
87,Travis,Jackson,489 Oak St.,Atlantis HI 73725,travisjackson@gmail.com,gmail
88,Laura,Wilks,371 Pearl St.,Smalltown SC 47466,laurawilks@hotmail.com,hotmail
89,Neil,Arnold,504 Oak St.,Faketown PA 73860,neilarnold@yahoo.com,yahoo
90,Linda,Johnson,667 High St.,Balmora IN 82473,lindajohnson@gmail.com,gmail
91,Jennifer,Wilson,266 Pine St.,Westworld DC 58720,jenniferwilson@yahoo.com,yahoo
92,Nicole,White,276 High St.,Braavos IL 57764,nicolewhite@hotmail.com,hotmail
93,Maria,Arnold,491 Elm St.,Metropolis PA 31836,mariaarnold@gmail.com,gmail
94,Jennifer,Davis,859 Cedar St.,Old-town MT 31169,jenniferdavis@yahoo.com,yahoo
95,Mary,Patterson,956 Park St.,Valyria CT 81541,marypatterson@hotmail.com,hotmail
96,Jane,Stuart,983 Oak St.,Old-town RI 15445,janestuart@yahoo.com,yahoo
97,Robert,Davis,789 Maple St.,Mordor IN 22215,robertdavis@gmail.com,gmail
98,James,Taylor,439 Hill St.,Olympus NV 39308,jamestaylor@hotmail.com,hotmail
99,Eric,Stuart,777 High St.,King's Landing AZ 16547,johnstuart@gmail.com,gmail
100,Charles,Miller,207 Washington St.,Blackwater MA 24886,charlesmiller@yahoo.com,yahoo
